﻿ObjectID,GlobalID,CreationDate,Creator,EditDate,Editor,Alter,Wo wohnen Sie?,Wie weit bewegen Sie sich täglich?,Wie bewerten Sie die Fahrradinfrastruktur in Münster?,Wie nützlich finden Sie die Asphaltkleckse (Fahrradweg-Straßen-Übergänge)?,Was sollte an diesem Ort verbessert werden?,An wie vielen Tagen pro Woche fahren Sie Auto?,Warum bevorzugen Sie das Auto vor dem Fahrrad?,Sonstiges - Warum bevorzugen Sie das Auto vor dem Fahrrad?,"Könnten Sie sich vorstellen, statt dem Auto ein Lastenrad zu nutzen?",x,y
1,51ab10cc-6d73-4e7f-8b9e-3bce48c3f5fc,3/30/2022 4:10:10 PM,fdisselk_wwu,3/30/2022 4:10:10 PM,fdisselk_wwu,19,Münster,5-10 km,4,4,Bordstein zum Rechts abbiegen absenken,2,zu_wenig_Zeit,,mittelmäßig,7.61466431246049,51.967351173181
2,c808e913-7865-41f7-855a-ebaab901a41d,3/30/2022 4:12:08 PM,fdisselk_wwu,3/30/2022 4:12:08 PM,fdisselk_wwu,56,außerhalb Münsters,über 50 km,3,2,,2,"zu_wenig_Zeit,Transport_(Kinder_Gepäck)",,gut,0,0
3,6acc5b47-a1f5-4bce-87ff-4b79cde37c37,3/30/2022 4:12:47 PM,fdisselk_wwu,3/30/2022 4:12:47 PM,fdisselk_wwu,38,Münster (innenstadtnah),5-10 km,5,3,,1,"Transport_(Kinder_Gepäck),Einkaufen",,gut,0,0
4,2766db10-5bb6-4662-8d31-6ca3b11ac98f,3/30/2022 4:13:43 PM,fdisselk_wwu,3/30/2022 4:13:43 PM,fdisselk_wwu,20,Münster,5-10 km,5,5,,0,"Wetter,zu_wenig_Zeit",,gut,0,0
5,f4a9653a-1436-4cc6-8abb-eafffb4c26e0,3/31/2022 7:57:08 AM,hluening_wwu,3/31/2022 7:57:08 AM,hluening_wwu,23,Münster,5-10 km,4,3,"unübersichtlich, oft geisterfahrer",2,"Wetter,zu_wenig_Zeit,Transport_(Kinder_Gepäck),Einkaufen",,mittelmäßig,7.61968488368648,51.9574364451843
